idx,world_x,world_y,world_z
0,-284.5321,149.4584,0.0000
1,-284.5321,138.3224,0.0000
2,-284.5321,127.1863,0.0000
3,-284.5321,116.0503,0.0000
4,-284.5321,104.9142,0.0000
5,-284.5321,93.7782,0.0000
6,-273.3960,93.7782,0.0000
7,-273.3960,104.9142,0.0000
8,-273.3960,116.0503,0.0000
9,-273.3960,127.1863,0.0000
10,-273.3960,138.3224,0.0000
11,-273.3960,149.4584,0.0000
12,-273.3960,160.5944,0.0000
13,-273.3960,171.7305,0.0000
14,-262.2600,216.2747,0.0000
15,-262.2600,205.1386,0.0000
16,-262.2600,194.0026,0.0000
17,-262.2600,182.8665,0.0000
18,-262.2600,171.7305,0.0000
19,-262.2600,160.5944,0.0000
20,-262.2600,149.4584,0.0000
21,-262.2600,138.3224,0.0000
22,-262.2600,127.1863,0.0000
23,-262.2600,116.0503,0.0000
24,-262.2600,104.9142,0.0000
25,-262.2600,93.7782,0.0000
26,-251.1240,82.6421,0.0000
27,-251.1240,93.7782,0.0000
28,-251.1240,104.9142,0.0000
29,-251.1240,116.0503,0.0000
30,-251.1240,127.1863,0.0000
31,-251.1240,138.3224,0.0000
32,-251.1240,149.4584,0.0000
33,-251.1240,160.5944,0.0000
34,-251.1240,171.7305,0.0000
35,-251.1240,182.8665,0.0000
36,-251.1240,194.0026,0.0000
37,-251.1240,205.1386,0.0000
38,-251.1240,216.2747,0.0000
39,-239.9879,238.5467,0.0000
40,-239.9879,227.4107,0.0000
41,-239.9879,216.2747,0.0000
42,-239.9879,205.1386,0.0000
43,-239.9879,194.0026,0.0000
44,-239.9879,182.8665,0.0000
45,-239.9879,171.7305,0.0000
46,-239.9879,160.5944,0.0000
47,-239.9879,149.4584,0.0000
48,-239.9879,138.3224,0.0000
49,-239.9879,127.1863,0.0000
50,-239.9879,116.0503,0.0000
51,-239.9879,104.9142,0.0000
52,-239.9879,93.7782,0.0000
53,-239.9879,82.6421,0.0000
54,-228.8519,71.5061,0.0000
55,-228.8519,82.6421,0.0000
56,-228.8519,93.7782,0.0000
57,-228.8519,104.9142,0.0000
58,-228.8519,116.0503,0.0000
59,-228.8519,127.1863,0.0000
60,-228.8519,138.3224,0.0000
61,-228.8519,149.4584,0.0000
62,-228.8519,160.5944,0.0000
63,-228.8519,171.7305,0.0000
64,-228.8519,182.8665,0.0000
65,-228.8519,194.0026,0.0000
66,-228.8519,205.1386,0.0000
67,-228.8519,216.2747,0.0000
68,-228.8519,227.4107,0.0000
69,-217.7158,238.5467,0.0000
70,-217.7158,227.4107,0.0000
71,-217.7158,216.2747,0.0000
72,-217.7158,205.1386,0.0000
73,-217.7158,194.0026,0.0000
74,-217.7158,182.8665,0.0000
75,-217.7158,171.7305,0.0000
76,-217.7158,160.5944,0.0000
77,-217.7158,149.4584,0.0000
78,-217.7158,138.3224,0.0000
79,-217.7158,127.1863,0.0000
80,-217.7158,116.0503,0.0000
81,-217.7158,104.9142,0.0000
82,-217.7158,93.7782,0.0000
83,-217.7158,82.6421,0.0000
84,-217.7158,71.5061,0.0000
85,-206.5798,71.5061,0.0000
86,-206.5798,82.6421,0.0000
87,-206.5798,93.7782,0.0000
88,-206.5798,104.9142,0.0000
89,-206.5798,116.0503,0.0000
90,-206.5798,127.1863,0.0000
91,-206.5798,138.3224,0.0000
92,-206.5798,149.4584,0.0000
93,-206.5798,160.5944,0.0000
94,-206.5798,171.7305,0.0000
95,-206.5798,182.8665,0.0000
96,-206.5798,194.0026,0.0000
97,-206.5798,205.1386,0.0000
98,-206.5798,216.2747,0.0000
99,-206.5798,227.4107,0.0000
100,-206.5798,238.5467,0.0000
101,-195.4437,238.5467,0.0000
102,-195.4437,227.4107,0.0000
103,-195.4437,216.2747,0.0000
104,-195.4437,205.1386,0.0000
105,-195.4437,194.0026,0.0000
106,-195.4437,182.8665,0.0000
107,-195.4437,171.7305,0.0000
108,-195.4437,160.5944,0.0000
109,-195.4437,149.4584,0.0000
110,-195.4437,138.3224,0.0000
111,-195.4437,127.1863,0.0000
112,-195.4437,116.0503,0.0000
113,-195.4437,104.9142,0.0000
114,-195.4437,93.7782,0.0000
115,-195.4437,82.6421,0.0000
116,-195.4437,71.5061,0.0000
117,-195.4437,60.3701,0.0000
118,-184.3077,60.3701,0.0000
119,-184.3077,71.5061,0.0000
120,-184.3077,82.6421,0.0000
121,-184.3077,93.7782,0.0000
122,-184.3077,104.9142,0.0000
123,-184.3077,116.0503,0.0000
124,-184.3077,127.1863,0.0000
125,-184.3077,138.3224,0.0000
126,-184.3077,149.4584,0.0000
127,-184.3077,160.5944,0.0000
128,-184.3077,171.7305,0.0000
129,-184.3077,182.8665,0.0000
130,-184.3077,194.0026,0.0000
131,-184.3077,205.1386,0.0000
132,-184.3077,216.2747,0.0000
133,-184.3077,227.4107,0.0000
134,-184.3077,238.5467,0.0000
135,-173.1717,238.5467,0.0000
136,-173.1717,227.4107,0.0000
137,-173.1717,216.2747,0.0000
138,-173.1717,205.1386,0.0000
139,-173.1717,194.0026,0.0000
140,-173.1717,182.8665,0.0000
141,-173.1717,171.7305,0.0000
142,-173.1717,160.5944,0.0000
143,-173.1717,149.4584,0.0000
144,-173.1717,138.3224,0.0000
145,-173.1717,127.1863,0.0000
146,-173.1717,116.0503,0.0000
147,-173.1717,104.9142,0.0000
148,-173.1717,93.7782,0.0000
149,-173.1717,82.6421,0.0000
150,-173.1717,71.5061,0.0000
151,-173.1717,60.3701,0.0000
152,-173.1717,49.2340,0.0000
153,-162.0356,49.2340,0.0000
154,-162.0356,60.3701,0.0000
155,-162.0356,71.5061,0.0000
156,-162.0356,82.6421,0.0000
157,-162.0356,93.7782,0.0000
158,-162.0356,104.9142,0.0000
159,-162.0356,116.0503,0.0000
160,-162.0356,127.1863,0.0000
161,-162.0356,138.3224,0.0000
162,-162.0356,149.4584,0.0000
163,-162.0356,160.5944,0.0000
164,-162.0356,171.7305,0.0000
165,-162.0356,182.8665,0.0000
166,-162.0356,194.0026,0.0000
167,-162.0356,205.1386,0.0000
168,-162.0356,216.2747,0.0000
169,-162.0356,227.4107,0.0000
170,-162.0356,238.5467,0.0000
171,-150.8996,238.5467,0.0000
172,-150.8996,227.4107,0.0000
173,-150.8996,216.2747,0.0000
174,-150.8996,205.1386,0.0000
175,-150.8996,194.0026,0.0000
176,-150.8996,182.8665,0.0000
177,-150.8996,171.7305,0.0000
178,-150.8996,160.5944,0.0000
179,-150.8996,149.4584,0.0000
180,-150.8996,138.3224,0.0000
181,-150.8996,127.1863,0.0000
182,-150.8996,116.0503,0.0000
183,-150.8996,104.9142,0.0000
184,-150.8996,93.7782,0.0000
185,-150.8996,82.6421,0.0000
186,-150.8996,71.5061,0.0000
187,-150.8996,60.3701,0.0000
188,-150.8996,49.2340,0.0000
189,-150.8996,38.0980,0.0000
190,-139.7635,38.0980,0.0000
191,-139.7635,49.2340,0.0000
192,-139.7635,60.3701,0.0000
193,-139.7635,71.5061,0.0000
194,-139.7635,82.6421,0.0000
195,-139.7635,93.7782,0.0000
196,-139.7635,104.9142,0.0000
197,-139.7635,116.0503,0.0000
198,-139.7635,127.1863,0.0000
199,-139.7635,138.3224,0.0000
200,-139.7635,149.4584,0.0000
201,-139.7635,160.5944,0.0000
202,-139.7635,171.7305,0.0000
203,-139.7635,182.8665,0.0000
204,-139.7635,194.0026,0.0000
205,-139.7635,205.1386,0.0000
206,-139.7635,216.2747,0.0000
207,-139.7635,227.4107,0.0000
208,-139.7635,238.5467,0.0000
209,-128.6275,238.5467,0.0000
210,-128.6275,227.4107,0.0000
211,-128.6275,216.2747,0.0000
212,-128.6275,205.1386,0.0000
213,-128.6275,194.0026,0.0000
214,-128.6275,182.8665,0.0000
215,-128.6275,171.7305,0.0000
216,-128.6275,160.5944,0.0000
217,-128.6275,149.4584,0.0000
218,-128.6275,138.3224,0.0000
219,-128.6275,127.1863,0.0000
220,-128.6275,116.0503,0.0000
221,-128.6275,104.9142,0.0000
222,-128.6275,93.7782,0.0000
223,-128.6275,82.6421,0.0000
224,-128.6275,71.5061,0.0000
225,-128.6275,60.3701,0.0000
226,-128.6275,49.2340,0.0000
227,-128.6275,38.0980,0.0000
228,-128.6275,26.9619,0.0000
229,-128.6275,15.8259,0.0000
230,-117.4914,4.6898,0.0000
231,-117.4914,15.8259,0.0000
232,-117.4914,26.9619,0.0000
233,-117.4914,38.0980,0.0000
234,-117.4914,49.2340,0.0000
235,-117.4914,60.3701,0.0000
236,-117.4914,71.5061,0.0000
237,-117.4914,82.6421,0.0000
238,-117.4914,93.7782,0.0000
239,-117.4914,104.9142,0.0000
240,-117.4914,116.0503,0.0000
241,-117.4914,127.1863,0.0000
242,-117.4914,138.3224,0.0000
243,-117.4914,149.4584,0.0000
244,-117.4914,160.5944,0.0000
245,-117.4914,171.7305,0.0000
246,-117.4914,182.8665,0.0000
247,-117.4914,194.0026,0.0000
248,-117.4914,205.1386,0.0000
249,-117.4914,216.2747,0.0000
250,-117.4914,227.4107,0.0000
251,-117.4914,238.5467,0.0000
252,-106.3554,238.5467,0.0000
253,-106.3554,227.4107,0.0000
254,-106.3554,216.2747,0.0000
255,-106.3554,205.1386,0.0000
256,-106.3554,194.0026,0.0000
257,-106.3554,182.8665,0.0000
258,-106.3554,171.7305,0.0000
259,-106.3554,160.5944,0.0000
260,-106.3554,149.4584,0.0000
261,-106.3554,138.3224,0.0000
262,-106.3554,127.1863,0.0000
263,-106.3554,116.0503,0.0000
264,-106.3554,104.9142,0.0000
265,-106.3554,93.7782,0.0000
266,-106.3554,82.6421,0.0000
267,-106.3554,71.5061,0.0000
268,-106.3554,60.3701,0.0000
269,-106.3554,49.2340,0.0000
270,-106.3554,38.0980,0.0000
271,-106.3554,26.9619,0.0000
272,-106.3554,15.8259,0.0000
273,-106.3554,4.6898,0.0000
274,-106.3554,-6.4462,0.0000
275,-106.3554,-17.5823,0.0000
276,-106.3554,-28.7183,0.0000
277,-95.2194,-39.8543,0.0000
278,-95.2194,-28.7183,0.0000
279,-95.2194,-17.5823,0.0000
280,-95.2194,-6.4462,0.0000
281,-95.2194,4.6898,0.0000
282,-95.2194,15.8259,0.0000
283,-95.2194,26.9619,0.0000
284,-95.2194,38.0980,0.0000
285,-95.2194,49.2340,0.0000
286,-95.2194,60.3701,0.0000
287,-95.2194,71.5061,0.0000
288,-95.2194,82.6421,0.0000
289,-95.2194,93.7782,0.0000
290,-95.2194,104.9142,0.0000
291,-95.2194,116.0503,0.0000
292,-95.2194,127.1863,0.0000
293,-95.2194,138.3224,0.0000
294,-95.2194,149.4584,0.0000
295,-95.2194,160.5944,0.0000
296,-95.2194,171.7305,0.0000
297,-95.2194,182.8665,0.0000
298,-95.2194,194.0026,0.0000
299,-95.2194,205.1386,0.0000
300,-95.2194,216.2747,0.0000
301,-95.2194,227.4107,0.0000
302,-95.2194,238.5467,0.0000
303,-84.0833,227.4107,0.0000
304,-84.0833,216.2747,0.0000
305,-84.0833,205.1386,0.0000
306,-84.0833,194.0026,0.0000
307,-84.0833,182.8665,0.0000
308,-84.0833,171.7305,0.0000
309,-84.0833,160.5944,0.0000
310,-84.0833,149.4584,0.0000
311,-84.0833,138.3224,0.0000
312,-84.0833,127.1863,0.0000
313,-84.0833,116.0503,0.0000
314,-84.0833,104.9142,0.0000
315,-84.0833,93.7782,0.0000
316,-84.0833,82.6421,0.0000
317,-84.0833,71.5061,0.0000
318,-84.0833,60.3701,0.0000
319,-84.0833,49.2340,0.0000
320,-84.0833,38.0980,0.0000
321,-84.0833,26.9619,0.0000
322,-84.0833,15.8259,0.0000
323,-84.0833,4.6898,0.0000
324,-84.0833,-6.4462,0.0000
325,-84.0833,-17.5823,0.0000
326,-84.0833,-28.7183,0.0000
327,-84.0833,-39.8543,0.0000
328,-84.0833,-50.9904,0.0000
329,-84.0833,-62.1264,0.0000
330,-84.0833,-73.2625,0.0000
331,-84.0833,-84.3985,0.0000
332,-84.0833,-95.5346,0.0000
333,-84.0833,-106.6706,0.0000
334,-72.9473,-173.4869,0.0000
335,-72.9473,-162.3508,0.0000
336,-72.9473,-151.2148,0.0000
337,-72.9473,-140.0787,0.0000
338,-72.9473,-128.9427,0.0000
339,-72.9473,-117.8066,0.0000
340,-72.9473,-106.6706,0.0000
341,-72.9473,-95.5346,0.0000
342,-72.9473,-84.3985,0.0000
343,-72.9473,-73.2625,0.0000
344,-72.9473,-62.1264,0.0000
345,-72.9473,-50.9904,0.0000
346,-72.9473,-39.8543,0.0000
347,-72.9473,-28.7183,0.0000
348,-72.9473,-17.5823,0.0000
349,-72.9473,-6.4462,0.0000
350,-72.9473,4.6898,0.0000
351,-72.9473,15.8259,0.0000
352,-72.9473,26.9619,0.0000
353,-72.9473,38.0980,0.0000
354,-72.9473,49.2340,0.0000
355,-72.9473,60.3701,0.0000
356,-72.9473,71.5061,0.0000
357,-72.9473,82.6421,0.0000
358,-72.9473,93.7782,0.0000
359,-72.9473,104.9142,0.0000
360,-72.9473,116.0503,0.0000
361,-72.9473,127.1863,0.0000
362,-72.9473,138.3224,0.0000
363,-72.9473,149.4584,0.0000
364,-72.9473,160.5944,0.0000
365,-72.9473,171.7305,0.0000
366,-72.9473,182.8665,0.0000
367,-72.9473,194.0026,0.0000
368,-72.9473,205.1386,0.0000
369,-61.8112,171.7305,0.0000
370,-61.8112,160.5944,0.0000
371,-61.8112,149.4584,0.0000
372,-61.8112,138.3224,0.0000
373,-61.8112,127.1863,0.0000
374,-61.8112,116.0503,0.0000
375,-61.8112,104.9142,0.0000
376,-61.8112,93.7782,0.0000
377,-61.8112,82.6421,0.0000
378,-61.8112,71.5061,0.0000
379,-61.8112,60.3701,0.0000
380,-61.8112,49.2340,0.0000
381,-61.8112,38.0980,0.0000
382,-61.8112,26.9619,0.0000
383,-61.8112,15.8259,0.0000
384,-61.8112,4.6898,0.0000
385,-61.8112,-6.4462,0.0000
386,-61.8112,-17.5823,0.0000
387,-61.8112,-28.7183,0.0000
388,-61.8112,-39.8543,0.0000
389,-61.8112,-50.9904,0.0000
390,-61.8112,-62.1264,0.0000
391,-61.8112,-73.2625,0.0000
392,-61.8112,-84.3985,0.0000
393,-61.8112,-95.5346,0.0000
394,-61.8112,-106.6706,0.0000
395,-61.8112,-117.8066,0.0000
396,-61.8112,-128.9427,0.0000
397,-61.8112,-140.0787,0.0000
398,-61.8112,-151.2148,0.0000
399,-61.8112,-162.3508,0.0000
400,-61.8112,-173.4869,0.0000
401,-61.8112,-184.6229,0.0000
402,-61.8112,-195.7589,0.0000
403,-50.6752,-195.7589,0.0000
404,-50.6752,-184.6229,0.0000
405,-50.6752,-173.4869,0.0000
406,-50.6752,-162.3508,0.0000
407,-50.6752,-151.2148,0.0000
408,-50.6752,-140.0787,0.0000
409,-50.6752,-128.9427,0.0000
410,-50.6752,-117.8066,0.0000
411,-50.6752,-106.6706,0.0000
412,-50.6752,-95.5346,0.0000
413,-50.6752,-84.3985,0.0000
414,-50.6752,-73.2625,0.0000
415,-50.6752,-62.1264,0.0000
416,-50.6752,-50.9904,0.0000
417,-50.6752,-39.8543,0.0000
418,-50.6752,-28.7183,0.0000
419,-50.6752,-17.5823,0.0000
420,-50.6752,-6.4462,0.0000
421,-50.6752,4.6898,0.0000
422,-50.6752,15.8259,0.0000
423,-50.6752,26.9619,0.0000
424,-50.6752,38.0980,0.0000
425,-50.6752,49.2340,0.0000
426,-50.6752,60.3701,0.0000
427,-50.6752,71.5061,0.0000
428,-50.6752,82.6421,0.0000
429,-50.6752,93.7782,0.0000
430,-50.6752,104.9142,0.0000
431,-50.6752,116.0503,0.0000
432,-50.6752,127.1863,0.0000
433,-50.6752,138.3224,0.0000
434,-50.6752,149.4584,0.0000
435,-50.6752,160.5944,0.0000
436,-50.6752,171.7305,0.0000
437,-50.6752,182.8665,0.0000
438,-39.5391,182.8665,0.0000
439,-39.5391,171.7305,0.0000
440,-39.5391,160.5944,0.0000
441,-39.5391,149.4584,0.0000
442,-39.5391,138.3224,0.0000
443,-39.5391,127.1863,0.0000
444,-39.5391,116.0503,0.0000
445,-39.5391,104.9142,0.0000
446,-39.5391,93.7782,0.0000
447,-39.5391,82.6421,0.0000
448,-39.5391,71.5061,0.0000
449,-39.5391,60.3701,0.0000
450,-39.5391,49.2340,0.0000
451,-39.5391,38.0980,0.0000
452,-39.5391,26.9619,0.0000
453,-39.5391,15.8259,0.0000
454,-39.5391,4.6898,0.0000
455,-39.5391,-6.4462,0.0000
456,-39.5391,-17.5823,0.0000
457,-39.5391,-28.7183,0.0000
458,-39.5391,-39.8543,0.0000
459,-39.5391,-50.9904,0.0000
460,-39.5391,-62.1264,0.0000
461,-39.5391,-73.2625,0.0000
462,-39.5391,-84.3985,0.0000
463,-39.5391,-95.5346,0.0000
464,-39.5391,-106.6706,0.0000
465,-39.5391,-117.8066,0.0000
466,-39.5391,-128.9427,0.0000
467,-39.5391,-140.0787,0.0000
468,-39.5391,-151.2148,0.0000
469,-39.5391,-162.3508,0.0000
470,-39.5391,-173.4869,0.0000
471,-39.5391,-184.6229,0.0000
472,-39.5391,-195.7589,0.0000
473,-28.4031,-195.7589,0.0000
474,-28.4031,-184.6229,0.0000
475,-28.4031,-173.4869,0.0000
476,-28.4031,-162.3508,0.0000
477,-28.4031,-151.2148,0.0000
478,-28.4031,-140.0787,0.0000
479,-28.4031,-128.9427,0.0000
480,-28.4031,-117.8066,0.0000
481,-28.4031,-106.6706,0.0000
482,-28.4031,-95.5346,0.0000
483,-28.4031,-84.3985,0.0000
484,-28.4031,-73.2625,0.0000
485,-28.4031,-62.1264,0.0000
486,-28.4031,-50.9904,0.0000
487,-28.4031,-39.8543,0.0000
488,-28.4031,-28.7183,0.0000
489,-28.4031,-17.5823,0.0000
490,-28.4031,-6.4462,0.0000
491,-28.4031,4.6898,0.0000
492,-28.4031,15.8259,0.0000
493,-28.4031,26.9619,0.0000
494,-28.4031,38.0980,0.0000
495,-28.4031,49.2340,0.0000
496,-28.4031,60.3701,0.0000
497,-28.4031,71.5061,0.0000
498,-28.4031,82.6421,0.0000
499,-28.4031,93.7782,0.0000
500,-28.4031,104.9142,0.0000
501,-28.4031,116.0503,0.0000
502,-28.4031,127.1863,0.0000
503,-28.4031,138.3224,0.0000
504,-28.4031,149.4584,0.0000
505,-28.4031,160.5944,0.0000
506,-28.4031,171.7305,0.0000
507,-17.2670,171.7305,0.0000
508,-17.2670,160.5944,0.0000
509,-17.2670,149.4584,0.0000
510,-17.2670,138.3224,0.0000
511,-17.2670,127.1863,0.0000
512,-17.2670,116.0503,0.0000
513,-17.2670,104.9142,0.0000
514,-17.2670,93.7782,0.0000
515,-17.2670,82.6421,0.0000
516,-17.2670,71.5061,0.0000
517,-17.2670,60.3701,0.0000
518,-17.2670,49.2340,0.0000
519,-17.2670,38.0980,0.0000
520,-17.2670,26.9619,0.0000
521,-17.2670,15.8259,0.0000
522,-17.2670,4.6898,0.0000
523,-17.2670,-6.4462,0.0000
524,-17.2670,-17.5823,0.0000
525,-17.2670,-28.7183,0.0000
526,-17.2670,-39.8543,0.0000
527,-17.2670,-50.9904,0.0000
528,-17.2670,-62.1264,0.0000
529,-17.2670,-73.2625,0.0000
530,-17.2670,-84.3985,0.0000
531,-17.2670,-95.5346,0.0000
532,-17.2670,-106.6706,0.0000
533,-17.2670,-117.8066,0.0000
534,-17.2670,-128.9427,0.0000
535,-17.2670,-140.0787,0.0000
536,-17.2670,-151.2148,0.0000
537,-17.2670,-162.3508,0.0000
538,-17.2670,-173.4869,0.0000
539,-17.2670,-184.6229,0.0000
540,-17.2670,-195.7589,0.0000
541,-6.1310,-195.7589,0.0000
542,-6.1310,-184.6229,0.0000
543,-6.1310,-173.4869,0.0000
544,-6.1310,-162.3508,0.0000
545,-6.1310,-151.2148,0.0000
546,-6.1310,-140.0787,0.0000
547,-6.1310,-128.9427,0.0000
548,-6.1310,-117.8066,0.0000
549,-6.1310,-106.6706,0.0000
550,-6.1310,-95.5346,0.0000
551,-6.1310,-84.3985,0.0000
552,-6.1310,-73.2625,0.0000
553,-6.1310,-62.1264,0.0000
554,-6.1310,-50.9904,0.0000
555,-6.1310,-39.8543,0.0000
556,-6.1310,-28.7183,0.0000
557,-6.1310,-17.5823,0.0000
558,-6.1310,-6.4462,0.0000
559,-6.1310,4.6898,0.0000
560,-6.1310,15.8259,0.0000
561,-6.1310,26.9619,0.0000
562,-6.1310,38.0980,0.0000
563,-6.1310,49.2340,0.0000
564,-6.1310,60.3701,0.0000
565,-6.1310,71.5061,0.0000
566,-6.1310,82.6421,0.0000
567,-6.1310,93.7782,0.0000
568,-6.1310,104.9142,0.0000
569,-6.1310,116.0503,0.0000
570,-6.1310,127.1863,0.0000
571,-6.1310,138.3224,0.0000
572,-6.1310,149.4584,0.0000
573,-6.1310,160.5944,0.0000
574,5.0050,149.4584,0.0000
575,5.0050,138.3224,0.0000
576,5.0050,127.1863,0.0000
577,5.0050,116.0503,0.0000
578,5.0050,104.9142,0.0000
579,5.0050,93.7782,0.0000
580,5.0050,82.6421,0.0000
581,5.0050,71.5061,0.0000
582,5.0050,60.3701,0.0000
583,5.0050,49.2340,0.0000
584,5.0050,38.0980,0.0000
585,5.0050,26.9619,0.0000
586,5.0050,15.8259,0.0000
587,5.0050,4.6898,0.0000
588,5.0050,-6.4462,0.0000
589,5.0050,-17.5823,0.0000
590,5.0050,-28.7183,0.0000
591,5.0050,-39.8543,0.0000
592,5.0050,-50.9904,0.0000
593,5.0050,-62.1264,0.0000
594,5.0050,-73.2625,0.0000
595,5.0050,-84.3985,0.0000
596,5.0050,-95.5346,0.0000
597,5.0050,-106.6706,0.0000
598,5.0050,-117.8066,0.0000
599,5.0050,-128.9427,0.0000
600,5.0050,-140.0787,0.0000
601,5.0050,-151.2148,0.0000
602,5.0050,-162.3508,0.0000
603,5.0050,-173.4869,0.0000
604,5.0050,-184.6229,0.0000
605,5.0050,-195.7589,0.0000
606,16.1411,-195.7589,0.0000
607,16.1411,-184.6229,0.0000
608,16.1411,-173.4869,0.0000
609,16.1411,-162.3508,0.0000
610,16.1411,-151.2148,0.0000
611,16.1411,-140.0787,0.0000
612,16.1411,-128.9427,0.0000
613,16.1411,-117.8066,0.0000
614,16.1411,-106.6706,0.0000
615,16.1411,-95.5346,0.0000
616,16.1411,-84.3985,0.0000
617,16.1411,-73.2625,0.0000
618,16.1411,-62.1264,0.0000
619,16.1411,-50.9904,0.0000
620,16.1411,-39.8543,0.0000
621,16.1411,-28.7183,0.0000
622,16.1411,-17.5823,0.0000
623,16.1411,-6.4462,0.0000
624,16.1411,4.6898,0.0000
625,16.1411,15.8259,0.0000
626,16.1411,26.9619,0.0000
627,16.1411,38.0980,0.0000
628,16.1411,49.2340,0.0000
629,16.1411,60.3701,0.0000
630,16.1411,71.5061,0.0000
631,16.1411,82.6421,0.0000
632,16.1411,93.7782,0.0000
633,16.1411,104.9142,0.0000
634,16.1411,116.0503,0.0000
635,16.1411,127.1863,0.0000
636,16.1411,138.3224,0.0000
637,27.2771,138.3224,0.0000
638,27.2771,127.1863,0.0000
639,27.2771,116.0503,0.0000
640,27.2771,104.9142,0.0000
641,27.2771,93.7782,0.0000
642,27.2771,82.6421,0.0000
643,27.2771,71.5061,0.0000
644,27.2771,60.3701,0.0000
645,27.2771,49.2340,0.0000
646,27.2771,38.0980,0.0000
647,27.2771,26.9619,0.0000
648,27.2771,15.8259,0.0000
649,27.2771,4.6898,0.0000
650,27.2771,-6.4462,0.0000
651,27.2771,-17.5823,0.0000
652,27.2771,-28.7183,0.0000
653,27.2771,-39.8543,0.0000
654,27.2771,-50.9904,0.0000
655,27.2771,-62.1264,0.0000
656,27.2771,-73.2625,0.0000
657,27.2771,-84.3985,0.0000
658,27.2771,-95.5346,0.0000
659,27.2771,-106.6706,0.0000
660,27.2771,-117.8066,0.0000
661,27.2771,-128.9427,0.0000
662,27.2771,-140.0787,0.0000
663,27.2771,-151.2148,0.0000
664,27.2771,-162.3508,0.0000
665,27.2771,-173.4869,0.0000
666,27.2771,-184.6229,0.0000
667,27.2771,-195.7589,0.0000
668,38.4132,-184.6229,0.0000
669,38.4132,-173.4869,0.0000
670,38.4132,-162.3508,0.0000
671,38.4132,-151.2148,0.0000
672,38.4132,-140.0787,0.0000
673,38.4132,-128.9427,0.0000
674,38.4132,-117.8066,0.0000
675,38.4132,-106.6706,0.0000
676,38.4132,-95.5346,0.0000
677,38.4132,-84.3985,0.0000
678,38.4132,-73.2625,0.0000
679,38.4132,-62.1264,0.0000
680,38.4132,-50.9904,0.0000
681,38.4132,-39.8543,0.0000
682,38.4132,-28.7183,0.0000
683,38.4132,-17.5823,0.0000
684,38.4132,-6.4462,0.0000
685,38.4132,4.6898,0.0000
686,38.4132,15.8259,0.0000
687,38.4132,26.9619,0.0000
688,38.4132,38.0980,0.0000
689,38.4132,49.2340,0.0000
690,38.4132,60.3701,0.0000
691,38.4132,71.5061,0.0000
692,38.4132,82.6421,0.0000
693,38.4132,93.7782,0.0000
694,38.4132,104.9142,0.0000
695,38.4132,116.0503,0.0000
696,38.4132,127.1863,0.0000
697,49.5492,127.1863,0.0000
698,49.5492,116.0503,0.0000
699,49.5492,104.9142,0.0000
700,49.5492,93.7782,0.0000
701,49.5492,82.6421,0.0000
702,49.5492,71.5061,0.0000
703,49.5492,60.3701,0.0000
704,49.5492,49.2340,0.0000
705,49.5492,38.0980,0.0000
706,49.5492,26.9619,0.0000
707,49.5492,15.8259,0.0000
708,49.5492,4.6898,0.0000
709,49.5492,-6.4462,0.0000
710,49.5492,-17.5823,0.0000
711,49.5492,-28.7183,0.0000
712,49.5492,-39.8543,0.0000
713,49.5492,-50.9904,0.0000
714,49.5492,-62.1264,0.0000
715,49.5492,-73.2625,0.0000
716,49.5492,-84.3985,0.0000
717,49.5492,-95.5346,0.0000
718,49.5492,-106.6706,0.0000
719,49.5492,-117.8066,0.0000
720,49.5492,-128.9427,0.0000
721,49.5492,-140.0787,0.0000
722,49.5492,-151.2148,0.0000
723,49.5492,-162.3508,0.0000
724,49.5492,-173.4869,0.0000
725,49.5492,-184.6229,0.0000
726,60.6853,-195.7589,0.0000
727,60.6853,-184.6229,0.0000
728,60.6853,-173.4869,0.0000
729,60.6853,-162.3508,0.0000
730,60.6853,-151.2148,0.0000
731,60.6853,-140.0787,0.0000
732,60.6853,-128.9427,0.0000
733,60.6853,-117.8066,0.0000
734,60.6853,-106.6706,0.0000
735,60.6853,-95.5346,0.0000
736,60.6853,-84.3985,0.0000
737,60.6853,-73.2625,0.0000
738,60.6853,-62.1264,0.0000
739,60.6853,-50.9904,0.0000
740,60.6853,-39.8543,0.0000
741,60.6853,-28.7183,0.0000
742,60.6853,-17.5823,0.0000
743,60.6853,-6.4462,0.0000
744,60.6853,4.6898,0.0000
745,60.6853,15.8259,0.0000
746,60.6853,26.9619,0.0000
747,60.6853,38.0980,0.0000
748,60.6853,49.2340,0.0000
749,60.6853,60.3701,0.0000
750,60.6853,71.5061,0.0000
751,60.6853,82.6421,0.0000
752,60.6853,93.7782,0.0000
753,60.6853,104.9142,0.0000
754,60.6853,116.0503,0.0000
755,60.6853,127.1863,0.0000
756,71.8213,127.1863,0.0000
757,71.8213,116.0503,0.0000
758,71.8213,104.9142,0.0000
759,71.8213,93.7782,0.0000
760,71.8213,82.6421,0.0000
761,71.8213,71.5061,0.0000
762,71.8213,60.3701,0.0000
763,71.8213,49.2340,0.0000
764,71.8213,38.0980,0.0000
765,71.8213,26.9619,0.0000
766,71.8213,15.8259,0.0000
767,71.8213,4.6898,0.0000
768,71.8213,-6.4462,0.0000
769,71.8213,-17.5823,0.0000
770,71.8213,-28.7183,0.0000
771,71.8213,-39.8543,0.0000
772,71.8213,-50.9904,0.0000
773,71.8213,-62.1264,0.0000
774,71.8213,-73.2625,0.0000
775,71.8213,-84.3985,0.0000
776,71.8213,-95.5346,0.0000
777,71.8213,-106.6706,0.0000
778,71.8213,-117.8066,0.0000
779,71.8213,-128.9427,0.0000
780,71.8213,-140.0787,0.0000
781,71.8213,-151.2148,0.0000
782,71.8213,-162.3508,0.0000
783,71.8213,-173.4869,0.0000
784,71.8213,-195.7589,0.0000
785,82.9573,-173.4869,0.0000
786,82.9573,-162.3508,0.0000
787,82.9573,-151.2148,0.0000
788,82.9573,-140.0787,0.0000
789,82.9573,-128.9427,0.0000
790,82.9573,-117.8066,0.0000
791,82.9573,-106.6706,0.0000
792,82.9573,-95.5346,0.0000
793,82.9573,-84.3985,0.0000
794,82.9573,-73.2625,0.0000
795,82.9573,-62.1264,0.0000
796,82.9573,-50.9904,0.0000
797,82.9573,-39.8543,0.0000
798,82.9573,-28.7183,0.0000
799,82.9573,-17.5823,0.0000
800,82.9573,-6.4462,0.0000
801,82.9573,4.6898,0.0000
802,82.9573,15.8259,0.0000
803,82.9573,26.9619,0.0000
804,82.9573,38.0980,0.0000
805,82.9573,49.2340,0.0000
806,82.9573,60.3701,0.0000
807,82.9573,71.5061,0.0000
808,82.9573,82.6421,0.0000
809,82.9573,93.7782,0.0000
810,82.9573,104.9142,0.0000
811,82.9573,116.0503,0.0000
812,82.9573,127.1863,0.0000
813,94.0934,116.0503,0.0000
814,94.0934,104.9142,0.0000
815,94.0934,93.7782,0.0000
816,94.0934,82.6421,0.0000
817,94.0934,71.5061,0.0000
818,94.0934,60.3701,0.0000
819,94.0934,49.2340,0.0000
820,94.0934,38.0980,0.0000
821,94.0934,26.9619,0.0000
822,94.0934,15.8259,0.0000
823,94.0934,4.6898,0.0000
824,94.0934,-6.4462,0.0000
825,94.0934,-17.5823,0.0000
826,94.0934,-28.7183,0.0000
827,94.0934,-39.8543,0.0000
828,94.0934,-50.9904,0.0000
829,94.0934,-62.1264,0.0000
830,94.0934,-73.2625,0.0000
831,94.0934,-84.3985,0.0000
832,94.0934,-95.5346,0.0000
833,94.0934,-106.6706,0.0000
834,94.0934,-117.8066,0.0000
835,94.0934,-128.9427,0.0000
836,94.0934,-140.0787,0.0000
837,94.0934,-151.2148,0.0000
838,94.0934,-162.3508,0.0000
839,94.0934,-173.4869,0.0000
840,105.2294,-173.4869,0.0000
841,105.2294,-162.3508,0.0000
842,105.2294,-151.2148,0.0000
843,105.2294,-140.0787,0.0000
844,105.2294,-128.9427,0.0000
845,105.2294,-117.8066,0.0000
846,105.2294,-106.6706,0.0000
847,105.2294,-95.5346,0.0000
848,105.2294,-84.3985,0.0000
849,105.2294,-73.2625,0.0000
850,105.2294,-62.1264,0.0000
851,105.2294,-50.9904,0.0000
852,105.2294,-39.8543,0.0000
853,105.2294,-28.7183,0.0000
854,105.2294,-17.5823,0.0000
855,105.2294,-6.4462,0.0000
856,105.2294,4.6898,0.0000
857,105.2294,15.8259,0.0000
858,105.2294,26.9619,0.0000
859,105.2294,38.0980,0.0000
860,105.2294,49.2340,0.0000
861,105.2294,60.3701,0.0000
862,105.2294,71.5061,0.0000
863,105.2294,82.6421,0.0000
864,105.2294,93.7782,0.0000
865,105.2294,104.9142,0.0000
866,105.2294,116.0503,0.0000
867,116.3655,116.0503,0.0000
868,116.3655,104.9142,0.0000
869,116.3655,93.7782,0.0000
870,116.3655,82.6421,0.0000
871,116.3655,71.5061,0.0000
872,116.3655,60.3701,0.0000
873,116.3655,49.2340,0.0000
874,116.3655,38.0980,0.0000
875,116.3655,26.9619,0.0000
876,116.3655,15.8259,0.0000
877,116.3655,4.6898,0.0000
878,116.3655,-6.4462,0.0000
879,116.3655,-17.5823,0.0000
880,116.3655,-28.7183,0.0000
881,116.3655,-39.8543,0.0000
882,116.3655,-50.9904,0.0000
883,116.3655,-62.1264,0.0000
884,116.3655,-73.2625,0.0000
885,116.3655,-84.3985,0.0000
886,116.3655,-95.5346,0.0000
887,116.3655,-106.6706,0.0000
888,116.3655,-117.8066,0.0000
889,116.3655,-128.9427,0.0000
890,116.3655,-140.0787,0.0000
891,116.3655,-151.2148,0.0000
892,116.3655,-162.3508,0.0000
893,116.3655,-173.4869,0.0000
894,127.5015,-162.3508,0.0000
895,127.5015,-151.2148,0.0000
896,127.5015,-140.0787,0.0000
897,127.5015,-128.9427,0.0000
898,127.5015,-117.8066,0.0000
899,127.5015,-106.6706,0.0000
900,127.5015,-95.5346,0.0000
901,127.5015,-84.3985,0.0000
902,127.5015,-73.2625,0.0000
903,127.5015,-62.1264,0.0000
904,127.5015,-50.9904,0.0000
905,127.5015,-39.8543,0.0000
906,127.5015,-28.7183,0.0000
907,127.5015,-17.5823,0.0000
908,127.5015,-6.4462,0.0000
909,127.5015,4.6898,0.0000
910,127.5015,15.8259,0.0000
911,127.5015,26.9619,0.0000
912,127.5015,38.0980,0.0000
913,127.5015,49.2340,0.0000
914,127.5015,60.3701,0.0000
915,127.5015,71.5061,0.0000
916,127.5015,82.6421,0.0000
917,127.5015,93.7782,0.0000
918,127.5015,104.9142,0.0000
919,127.5015,116.0503,0.0000
920,138.6376,116.0503,0.0000
921,138.6376,104.9142,0.0000
922,138.6376,93.7782,0.0000
923,138.6376,82.6421,0.0000
924,138.6376,71.5061,0.0000
925,138.6376,60.3701,0.0000
926,138.6376,49.2340,0.0000
927,138.6376,38.0980,0.0000
928,138.6376,26.9619,0.0000
929,138.6376,15.8259,0.0000
930,138.6376,4.6898,0.0000
931,138.6376,-6.4462,0.0000
932,138.6376,-17.5823,0.0000
933,138.6376,-28.7183,0.0000
934,138.6376,-39.8543,0.0000
935,138.6376,-50.9904,0.0000
936,138.6376,-62.1264,0.0000
937,138.6376,-73.2625,0.0000
938,138.6376,-84.3985,0.0000
939,138.6376,-95.5346,0.0000
940,138.6376,-106.6706,0.0000
941,138.6376,-117.8066,0.0000
942,138.6376,-128.9427,0.0000
943,138.6376,-140.0787,0.0000
944,138.6376,-151.2148,0.0000
945,138.6376,-162.3508,0.0000
946,149.7736,-162.3508,0.0000
947,149.7736,-151.2148,0.0000
948,149.7736,-140.0787,0.0000
949,149.7736,-128.9427,0.0000
950,149.7736,-117.8066,0.0000
951,149.7736,-106.6706,0.0000
952,149.7736,-95.5346,0.0000
953,149.7736,-84.3985,0.0000
954,149.7736,-73.2625,0.0000
955,149.7736,-62.1264,0.0000
956,149.7736,-50.9904,0.0000
957,149.7736,-39.8543,0.0000
958,149.7736,-28.7183,0.0000
959,149.7736,-17.5823,0.0000
960,149.7736,-6.4462,0.0000
961,149.7736,4.6898,0.0000
962,149.7736,15.8259,0.0000
963,149.7736,26.9619,0.0000
964,149.7736,38.0980,0.0000
965,149.7736,49.2340,0.0000
966,149.7736,60.3701,0.0000
967,149.7736,71.5061,0.0000
968,149.7736,82.6421,0.0000
969,149.7736,93.7782,0.0000
970,149.7736,104.9142,0.0000
971,160.9096,116.0503,0.0000
972,160.9096,93.7782,0.0000
973,160.9096,82.6421,0.0000
974,160.9096,71.5061,0.0000
975,160.9096,60.3701,0.0000
976,160.9096,49.2340,0.0000
977,160.9096,38.0980,0.0000
978,160.9096,26.9619,0.0000
979,160.9096,15.8259,0.0000
980,160.9096,4.6898,0.0000
981,160.9096,-6.4462,0.0000
982,160.9096,-17.5823,0.0000
983,160.9096,-28.7183,0.0000
984,160.9096,-39.8543,0.0000
985,160.9096,-50.9904,0.0000
986,160.9096,-62.1264,0.0000
987,160.9096,-73.2625,0.0000
988,160.9096,-84.3985,0.0000
989,160.9096,-95.5346,0.0000
990,160.9096,-106.6706,0.0000
991,160.9096,-117.8066,0.0000
992,160.9096,-128.9427,0.0000
993,160.9096,-140.0787,0.0000
994,160.9096,-151.2148,0.0000
995,172.0457,-140.0787,0.0000
996,172.0457,-128.9427,0.0000
997,172.0457,-117.8066,0.0000
998,172.0457,-106.6706,0.0000
999,172.0457,-95.5346,0.0000
1000,172.0457,-84.3985,0.0000
1001,172.0457,-73.2625,0.0000
1002,172.0457,-62.1264,0.0000
1003,172.0457,-50.9904,0.0000
1004,172.0457,-39.8543,0.0000
1005,172.0457,-28.7183,0.0000
1006,172.0457,-17.5823,0.0000
1007,172.0457,-6.4462,0.0000
1008,172.0457,4.6898,0.0000
1009,183.1817,-17.5823,0.0000
1010,183.1817,-28.7183,0.0000
1011,183.1817,-39.8543,0.0000
1012,183.1817,-50.9904,0.0000
1013,183.1817,-62.1264,0.0000
1014,183.1817,-73.2625,0.0000
1015,183.1817,-84.3985,0.0000
1016,183.1817,-95.5346,0.0000
1017,183.1817,-106.6706,0.0000
1018,183.1817,-117.8066,0.0000
1019,183.1817,-128.9427,0.0000
1020,194.3178,-106.6706,0.0000
1021,194.3178,-95.5346,0.0000
1022,194.3178,-84.3985,0.0000
1023,194.3178,-62.1264,0.0000
1024,194.3178,-50.9904,0.0000
1025,194.3178,-39.8543,0.0000
1026,194.3178,-28.7183,0.0000
